Vuln_ID,Summary,CVSS_Severity
CVE-2023-1817,"Insufficient policy enforcement in Intents in Google Chrome on Android prior to 112.0.5615.49 allowed a remote attacker to bypass navigation restrictions via a crafted HTML page. (Chromium security severity: Medium)
Published: April 04, 2023; 6:15:07 pm -0400","V3.1: 6.5 MEDIUM
V2.0:(not available)"
CVE-2023-1234,"Inappropriate implementation in Intents in Google Chrome on Android prior to 111.0.5563.64 allowed a remote attacker to perform domain spoofing via a crafted HTML page. (Chromium security severity: Low)
Published: March 07, 2023; 5:15:10 pm -0500","V3.1: 4.3 MEDIUM
V2.0:(not available)"
CVE-2023-1231,"Inappropriate implementation in Autofill in Google Chrome on Android prior to 111.0.5563.64 allowed a remote attacker to potentially spoof the contents of the omnibox via a crafted HTML page. (Chromium security severity: Medium)
Published: March 07, 2023; 5:15:10 pm -0500","V3.1: 4.3 MEDIUM
V2.0:(not available)"
CVE-2023-1230,"Inappropriate implementation in WebApp Installs in Google Chrome on Android prior to 111.0.5563.64 allowed an attacker who convinced a user to install a malicious WebApp to spoof the contents of the PWA installer via a crafted HTML page. (Chromium security severity: Medium)
Published: March 07, 2023; 5:15:10 pm -0500","V3.1: 4.3 MEDIUM
V2.0:(not available)"
CVE-2023-1228,"Insufficient policy enforcement in Intents in Google Chrome on Android prior to 111.0.5563.64 allowed a remote attacker to bypass navigation restrictions via a crafted HTML page. (Chromium security severity: Medium)
Published: March 07, 2023; 5:15:10 pm -0500","V3.1: 4.3 MEDIUM
V2.0:(not available)"
CVE-2023-1223,"Insufficient policy enforcement in Autofill in Google Chrome on Android prior to 111.0.5563.64 allowed a remote attacker to leak cross-origin data via a crafted HTML page. (Chromium security severity: Medium)
Published: March 07, 2023; 5:15:09 pm -0500","V3.1: 4.3 MEDIUM
V2.0:(not available)"
CVE-2023-0927,"Use after free in Web Payments API in Google Chrome on Android prior to 110.0.5481.177 allowed a remote attacker who had compromised the renderer process to potentially exploit heap corruption via a crafted HTML page. (Chromium security severity: High)
Published: February 22, 2023; 3:15:12 pm -0500","V3.1: 8.8 HIGH
V2.0:(not available)"
CVE-2023-0697,"Inappropriate implementation in Full screen mode in Google Chrome on Android prior to 110.0.5481.77 allowed a remote attacker to spoof the contents of the security UI via a crafted HTML page. (Chromium security severity: High)
Published: February 07, 2023; 4:15:09 pm -0500","V3.1: 6.5 MEDIUM
V2.0:(not available)"
CVE-2023-0136,"Inappropriate implementation in in Fullscreen API in Google Chrome on Android prior to 109.0.5414.74 allowed a remote attacker to execute incorrect security UI via a crafted HTML page. (Chromium security severity: Medium)
Published: January 10, 2023; 3:15:11 pm -0500","V3.1: 8.8 HIGH
V2.0:(not available)"
CVE-2023-0133,"Inappropriate implementation in in Permission prompts in Google Chrome on Android prior to 109.0.5414.74 allowed a remote attacker to bypass main origin permission delegation via a crafted HTML page. (Chromium security severity: Medium)
Published: January 10, 2023; 3:15:10 pm -0500","V3.1: 6.5 MEDIUM
V2.0:(not available)"
CVE-2023-0130,"Inappropriate implementation in in Fullscreen API in Google Chrome on Android prior to 109.0.5414.74 allowed a remote attacker to spoof the contents of the Omnibox (URL bar) via a crafted HTML page. (Chromium security severity: Medium)
Published: January 10, 2023; 3:15:10 pm -0500","V3.1: 6.5 MEDIUM
V2.0:(not available)"
CVE-2022-4188,"Insufficient validation of untrusted input in CORS in Google Chrome on Android prior to 108.0.5359.71 allowed a remote attacker to bypass same origin policy via a crafted HTML page. (Chromium security severity: Medium)
Published: November 29, 2022; 7:15:10 pm -0500","V3.1: 4.3 MEDIUM
V2.0:(not available)"
CVE-2022-3447,"Inappropriate implementation in Custom Tabs in Google Chrome on Android prior to 106.0.5249.119 allowed a remote attacker to spoof the contents of the Omnibox (URL bar) via a crafted HTML page. (Chromium security severity: High)
Published: November 09, 2022; 2:15:10 pm -0500","V3.1: 4.3 MEDIUM
V2.0:(not available)"
CVE-2022-3890,"Heap buffer overflow in Crashpad in Google Chrome on Android prior to 107.0.5304.106 allowed a remote attacker who had compromised the renderer process to potentially perform a sandbox escape via a crafted HTML page. (Chromium security severity: High)
Published: November 08, 2022; 11:15:10 pm -0500","V3.1: 9.6 CRITICAL
V2.0:(not available)"
CVE-2022-3660,"Inappropriate implementation in Full screen mode in Google Chrome on Android prior to 107.0.5304.62 allowed a remote attacker to hide the contents of the Omnibox (URL bar) via a crafted HTML page. (Chromium security severity: Medium)
Published: November 01, 2022; 7:15:19 pm -0400","V3.1: 4.3 MEDIUM
V2.0:(not available)"
CVE-2022-3317,"Insufficient validation of untrusted input in Intents in Google Chrome on Android prior to 106.0.5249.62 allowed a remote attacker to bypass navigation restrictions via a crafted HTML page. (Chromium security severity: Low)
Published: November 01, 2022; 4:15:21 pm -0400","V3.1: 4.3 MEDIUM
V2.0:(not available)"
CVE-2022-3310,"Insufficient policy enforcement in custom tabs in Google Chrome on Android prior to 106.0.5249.62 allowed an attacker who convinced the user to install an application to bypass same origin policy via a crafted application. (Chromium security severity: Medium)
Published: November 01, 2022; 4:15:21 pm -0400","V3.1: 6.5 MEDIUM
V2.0:(not available)"
CVE-2022-2856,"Insufficient validation of untrusted input in Intents in Google Chrome on Android prior to 104.0.5112.101 allowed a remote attacker to arbitrarily browse to a malicious website via a crafted HTML page.
Published: September 26, 2022; 12:15:11 pm -0400","V3.1: 6.5 MEDIUM
V2.0:(not available)"
CVE-2022-2853,"Heap buffer overflow in Downloads in Google Chrome on Android prior to 104.0.5112.101 allowed a remote attacker who had compromised the renderer process to potentially exploit heap corruption via a crafted HTML page.
Published: September 26, 2022; 12:15:10 pm -0400","V3.1: 8.8 HIGH
V2.0:(not available)"
CVE-2022-2623,"Use after free in Offline in Google Chrome on Android prior to 104.0.5112.79 allowed a remote attacker who convinced a user to engage in specific user interactions to potentially exploit heap corruption via specific UI interactions.
Published: August 12, 2022; 4:15:09 pm -0400","V3.1: 8.8 HIGH
V2.0:(not available)"
CVE-2022-2611,"Inappropriate implementation in Fullscreen API in Google Chrome on Android prior to 104.0.5112.79 allowed a remote attacker to spoof the contents of the Omnibox (URL bar) via a crafted HTML page.
Published: August 12, 2022; 4:15:08 pm -0400","V3.1: 4.3 MEDIUM
V2.0:(not available)"
CVE-2022-2479,"Insufficient validation of untrusted input in File in Google Chrome on Android prior to 103.0.5060.134 allowed an attacker who convinced a user to install a malicious app to obtain potentially sensitive information from internal file directories via a crafted HTML page.
Published: July 27, 2022; 10:15:08 pm -0400","V3.1: 4.3 MEDIUM
V2.0:(not available)"
CVE-2022-1495,"Incorrect security UI in Downloads in Google Chrome on Android prior to 101.0.4951.41 allowed a remote attacker to spoof the APK downloads dialog via a crafted HTML page.
Published: July 26, 2022; 6:15:10 pm -0400","V3.1: 4.3 MEDIUM
V2.0:(not available)"
CVE-2022-1307,"Inappropriate implementation in full screen in Google Chrome on Android prior to 100.0.4896.88 allowed a remote attacker to spoof the contents of the Omnibox (URL bar) via a crafted HTML page.
Published: July 25, 2022; 10:15:10 am -0400","V3.1: 4.3 MEDIUM
V2.0:(not available)"
CVE-2022-1130,"Insufficient validation of trust input in WebOTP in Google Chrome on Android prior to 100.0.4896.60 allowed a remote attacker to send arbitrary intents from any app via a malicious app.
Published: July 22, 2022; 8:15:08 pm -0400","V3.1: 8.1 HIGH
V2.0:(not available)"
CVE-2022-1129,"Inappropriate implementation in Full Screen Mode in Google Chrome on Android prior to 100.0.4896.60 allowed a remote attacker to spoof the contents of the Omnibox (URL bar) via a crafted HTML page.
Published: July 22, 2022; 8:15:08 pm -0400","V3.1: 6.5 MEDIUM
V2.0:(not available)"
CVE-2022-0979,"Use after free in Safe Browsing in Google Chrome on Android prior to 99.0.4844.74 allowed a remote attacker who convinced a user to engage in specific user interaction to potentially exploit heap corruption via a crafted HTML page.
Published: July 22, 2022; 1:15:08 pm -0400","V3.1: 8.8 HIGH
V2.0:(not available)"
CVE-2022-0971,"Use after free in Blink Layout in Google Chrome on Android prior to 99.0.4844.74 allowed a remote attacker who had compromised the renderer process to potentially exploit heap corruption via a crafted HTML page.
Published: July 21, 2022; 7:15:08 pm -0400","V3.1: 8.8 HIGH
V2.0:(not available)"
CVE-2022-0804,"Inappropriate implementation in Full screen mode in Google Chrome on Android prior to 99.0.4844.51 allowed a remote attacker to hide the contents of the Omnibox (URL bar) via a crafted HTML page.
Published: April 04, 2022; 9:15:09 pm -0400","V3.1: 6.5 MEDIUM
V2.0: 4.3 MEDIUM"
CVE-2022-0802,"Inappropriate implementation in Full screen mode in Google Chrome on Android prior to 99.0.4844.51 allowed a remote attacker to hide the contents of the Omnibox (URL bar) via a crafted HTML page.
Published: April 04, 2022; 9:15:09 pm -0400","V3.1: 6.5 MEDIUM
V2.0: 4.3 MEDIUM"
CVE-2022-0455,"Inappropriate implementation in Full Screen Mode in Google Chrome on Android prior to 98.0.4758.80 allowed a remote attacker to spoof the contents of the Omnibox (URL bar) via a crafted HTML page.
Published: April 04, 2022; 9:15:07 pm -0400","V3.1: 6.5 MEDIUM
V2.0: 4.3 MEDIUM"
CVE-2022-0300,"Use after free in Text Input Method Editor in Google Chrome on Android prior to 97.0.4692.99 allowed a remote attacker who convinced a user to engage in specific user interactions to potentially exploit heap corruption via a crafted HTML page.
Published: February 11, 2022; 9:15:10 pm -0500","V3.1: 8.8 HIGH
V2.0: 6.8 MEDIUM"
CVE-2021-38020,"Insufficient policy enforcement in contacts picker in Google Chrome on Android prior to 96.0.4664.45 allowed a remote attacker to spoof the contents of the Omnibox (URL bar) via a crafted HTML page.
Published: December 22, 2021; 8:15:08 pm -0500","V3.1: 4.3 MEDIUM
V2.0: 4.3 MEDIUM"
CVE-2021-38000,"Insufficient validation of untrusted input in Intents in Google Chrome on Android prior to 95.0.4638.69 allowed a remote attacker to arbitrarily browser to a malicious URL via a crafted HTML page.
Published: November 23, 2021; 5:15:07 pm -0500","V3.1: 6.1 MEDIUM
V2.0: 5.8 MEDIUM"
CVE-2021-37990,"Inappropriate implementation in WebView in Google Chrome on Android prior to 95.0.4638.54 allowed a remote attacker to leak cross-origin data via a crafted app.
Published: November 02, 2021; 6:15:08 pm -0400","V3.1: 5.5 MEDIUM
V2.0: 4.3 MEDIUM"
CVE-2021-37966,"Inappropriate implementation in Compositing in Google Chrome on Android prior to 94.0.4606.54 allowed a remote attacker to spoof the contents of the Omnibox (URL bar) via a crafted HTML page.
Published: October 08, 2021; 6:15:07 pm -0400","V3.1: 4.3 MEDIUM
V2.0: 4.3 MEDIUM"
CVE-2021-37956,"Use after free in Offline use in Google Chrome on Android prior to 94.0.4606.54 allowed a remote attacker who had compromised the renderer process to potentially exploit heap corruption via a crafted HTML page.
Published: October 08, 2021; 6:15:07 pm -0400","V3.1: 8.8 HIGH
V2.0: 6.8 MEDIUM"
CVE-2021-30596,"Incorrect security UI in Navigation in Google Chrome on Android prior to 92.0.4515.131 allowed a remote attacker to spoof the contents of the Omnibox (URL bar) via a crafted HTML page.
Published: August 26, 2021; 2:15:08 pm -0400","V3.1: 4.3 MEDIUM
V2.0: 4.3 MEDIUM"
CVE-2021-30584,"Incorrect security UI in Downloads in Google Chrome on Android prior to 92.0.4515.107 allowed a remote attacker to perform domain spoofing via a crafted HTML page.
Published: August 03, 2021; 4:15:09 pm -0400","V3.1: 6.5 MEDIUM
V2.0: 4.3 MEDIUM"
CVE-2021-30580,"Insufficient policy enforcement in Android intents in Google Chrome prior to 92.0.4515.107 allowed an attacker who convinced a user to install a malicious application to obtain potentially sensitive information via a crafted HTML page.
Published: August 03, 2021; 4:15:09 pm -0400","V3.1: 6.5 MEDIUM
V2.0: 4.3 MEDIUM"
CVE-2021-30540,"Incorrect security UI in payments in Google Chrome on Android prior to 91.0.4472.77 allowed a remote attacker to perform domain spoofing via a crafted HTML page.
Published: June 07, 2021; 4:15:08 pm -0400","V3.1: 6.5 MEDIUM
V2.0: 4.3 MEDIUM"
CVE-2021-30528,"Use after free in WebAuthentication in Google Chrome on Android prior to 91.0.4472.77 allowed a remote attacker who had compromised the renderer process of a user who had saved a credit card in their Google account to potentially exploit heap corruption via a crafted HTML page.
Published: June 07, 2021; 4:15:08 pm -0400","V3.1: 8.8 HIGH
V2.0: 6.8 MEDIUM"
CVE-2021-30521,"Heap buffer overflow in Autofill in Google Chrome on Android prior to 91.0.4472.77 allowed a remote attacker to perform out of bounds memory access via a crafted HTML page.
Published: June 07, 2021; 4:15:08 pm -0400","V3.1: 8.8 HIGH
V2.0: 6.8 MEDIUM"
CVE-2021-30507,"Inappropriate implementation in Offline in Google Chrome on Android prior to 90.0.4430.212 allowed a remote attacker who had compromised the renderer process to bypass site isolation via a crafted HTML page.
Published: June 04, 2021; 2:15:07 pm -0400","V3.1: 8.8 HIGH
V2.0: 6.8 MEDIUM"
CVE-2021-30506,"Incorrect security UI in Web App Installs in Google Chrome on Android prior to 90.0.4430.212 allowed an attacker who convinced a user to install a web application to inject scripts or HTML into a privileged page via a crafted HTML page.
Published: June 04, 2021; 2:15:07 pm -0400","V3.1: 8.8 HIGH
V2.0: 6.8 MEDIUM"
CVE-2021-21229,"Incorrect security UI in downloads in Google Chrome on Android prior to 90.0.4430.93 allowed a remote attacker to perform domain spoofing via a crafted HTML page.
Published: April 30, 2021; 5:15:08 pm -0400","V3.1: 6.5 MEDIUM
V2.0: 4.3 MEDIUM"
CVE-2021-21171,"Incorrect security UI in TabStrip and Navigation in Google Chrome on Android prior to 89.0.4389.72 allowed a remote attacker to spoof the contents of the Omnibox (URL bar) via a crafted HTML page.
Published: March 09, 2021; 1:15:16 pm -0500","V3.1: 6.5 MEDIUM
V2.0: 4.3 MEDIUM"
CVE-2021-21136,"Insufficient policy enforcement in WebView in Google Chrome on Android prior to 88.0.4324.96 allowed a remote attacker to leak cross-origin data via a crafted HTML page.
Published: February 09, 2021; 9:15:16 am -0500","V3.1: 6.5 MEDIUM
V2.0: 4.3 MEDIUM"
CVE-2021-21124,"Potential user after free in Speech Recognizer in Google Chrome on Android prior to 88.0.4324.96 allowed a remote attacker to potentially perform a sandbox escape via a crafted HTML page.
Published: February 09, 2021; 9:15:15 am -0500","V3.1: 9.6 CRITICAL
V2.0: 6.8 MEDIUM"
CVE-2020-16045,"Use after Free in Payments in Google Chrome on Android prior to 87.0.4280.66 allowed a remote attacker who had compromised the renderer process to potentially perform a sandbox escape via a crafted HTML page.
Published: January 14, 2021; 4:15:13 pm -0500","V3.1: 9.6 CRITICAL
V2.0: 6.8 MEDIUM"
CVE-2020-16010,"Heap buffer overflow in UI in Google Chrome on Android prior to 86.0.4240.185 allowed a remote attacker who had compromised the renderer process to potentially perform a sandbox escape via a crafted HTML page.
Published: November 02, 2020; 10:15:15 pm -0500","V3.1: 8.8 HIGH
V2.0: 6.8 MEDIUM"
CVE-2020-15998,"Use after free in USB in Google Chrome prior to 86.0.4240.99 allowed a remote attacker who had compromised the renderer process to potentially perform a sandbox escape via a crafted HTML page.
Published: November 02, 2020; 10:15:14 pm -0500","V3.1: 8.8 HIGH
V2.0: 6.8 MEDIUM"
CVE-2020-15997,"Use after free in Mojo in Google Chrome prior to 86.0.4240.99 allowed a remote attacker who had compromised the renderer process to potentially perform a sandbox escape via a crafted HTML page.
Published: November 02, 2020; 10:15:14 pm -0500","V3.1: 8.8 HIGH
V2.0: 6.8 MEDIUM"
CVE-2020-15996,"Use after free in passwords in Google Chrome prior to 86.0.4240.99 allowed a remote attacker who had compromised the renderer process to potentially perform a sandbox escape via a crafted HTML page.
Published: November 02, 2020; 10:15:14 pm -0500","V3.1: 8.8 HIGH
V2.0: 6.8 MEDIUM"
CVE-2020-15995,"Out of bounds write in V8 in Google Chrome prior to 86.0.4240.99 allowed a remote attacker to potentially exploit heap corruption via a crafted HTML page.
Published: November 02, 2020; 10:15:14 pm -0500","V3.1: 8.8 HIGH
V2.0: 6.8 MEDIUM"
CVE-2020-15994,"Use after free in V8 in Google Chrome prior to 86.0.4240.99 allowed a remote attacker to potentially exploit heap corruption via a crafted HTML page.
Published: November 02, 2020; 10:15:14 pm -0500","V3.1: 8.8 HIGH
V2.0: 6.8 MEDIUM"
CVE-2020-15993,"Use after free in printing in Google Chrome prior to 86.0.4240.99 allowed a remote attacker to potentially exploit heap corruption via a crafted HTML page.
Published: November 02, 2020; 10:15:14 pm -0500","V3.1: 9.8 CRITICAL
V2.0: 6.8 MEDIUM"
CVE-2020-15980,"Insufficient policy enforcement in Intents in Google Chrome on Android prior to 86.0.4240.75 allowed a local attacker to bypass navigation restrictions via crafted Intents.
Published: November 02, 2020; 10:15:13 pm -0500","V3.1: 7.8 HIGH
V2.0: 4.6 MEDIUM"
CVE-2020-15978,"Insufficient data validation in navigation in Google Chrome on Android prior to 86.0.4240.75 allowed a remote attacker who had compromised the renderer process to bypass navigation restrictions via a crafted HTML page.
Published: November 02, 2020; 10:15:13 pm -0500","V3.1: 8.8 HIGH
V2.0: 6.8 MEDIUM"
CVE-2020-15976,"Use after free in WebXR in Google Chrome on Android prior to 86.0.4240.75 allowed a remote attacker to potentially exploit heap corruption via a crafted HTML page.
Published: November 02, 2020; 10:15:13 pm -0500","V3.1: 8.8 HIGH
V2.0: 6.8 MEDIUM"
CVE-2020-6573,"Use after free in video in Google Chrome on Android prior to 85.0.4183.102 allowed a remote attacker who had compromised the renderer process to potentially perform a sandbox escape via a crafted HTML page.
Published: September 21, 2020; 4:15:15 pm -0400","V3.1: 9.6 CRITICAL
V2.0: 6.8 MEDIUM"
CVE-2020-6568,"Insufficient policy enforcement in intent handling in Google Chrome on Android prior to 85.0.4183.83 allowed a remote attacker to bypass navigation restrictions via a crafted HTML page.
Published: September 21, 2020; 4:15:15 pm -0400","V3.1: 6.5 MEDIUM
V2.0: 4.3 MEDIUM"
CVE-2020-6563,"Insufficient policy enforcement in intent handling in Google Chrome on Android prior to 85.0.4183.83 allowed a remote attacker to obtain potentially sensitive information from disk via a crafted HTML page.
Published: September 21, 2020; 4:15:14 pm -0400","V3.1: 6.5 MEDIUM
V2.0: 4.3 MEDIUM"
CVE-2020-6538,"Inappropriate implementation in WebView in Google Chrome on Android prior to 84.0.4147.105 allowed a remote attacker to leak cross-origin data via a crafted HTML page.
Published: September 21, 2020; 4:15:13 pm -0400","V3.1: 6.5 MEDIUM
V2.0: 4.3 MEDIUM"
CVE-2020-16873,"A spoofing vulnerability manifests in Microsoft Xamarin.Forms due to the default settings on Android WebView version prior to 83.0.4103.106, aka 'Xamarin.Forms Spoofing Vulnerability'.
Published: September 11, 2020; 1:15:17 pm -0400","V3.1: 8.8 HIGH
V2.0: 6.8 MEDIUM"
CVE-2020-6506,"Insufficient policy enforcement in WebView in Google Chrome on Android prior to 83.0.4103.106 allowed a remote attacker to bypass site isolation via a crafted HTML page.
Published: July 22, 2020; 1:15:13 pm -0400","V3.1: 6.5 MEDIUM
V2.0: 4.3 MEDIUM"
CVE-2020-6494,"Incorrect security UI in payments in Google Chrome on Android prior to 83.0.4103.97 allowed a remote attacker to spoof the contents of the Omnibox (URL bar) via a crafted HTML page.
Published: June 03, 2020; 7:15:11 pm -0400","V3.1: 6.5 MEDIUM
V2.0: 4.3 MEDIUM"
CVE-2020-6465,"Use after free in reader mode in Google Chrome on Android prior to 83.0.4103.61 allowed a remote attacker who had compromised the renderer process to potentially perform a sandbox escape via a crafted HTML page.
Published: May 21, 2020; 12:15:11 am -0400","V3.1: 9.6 CRITICAL
V2.0: 6.8 MEDIUM"
CVE-2020-6381,"Integer overflow in JavaScript in Google Chrome on ChromeOS and Android prior to 80.0.3987.87 allowed a remote attacker to potentially exploit heap corruption via a crafted HTML page.
Published: February 11, 2020; 10:15:12 am -0500","V3.1: 8.8 HIGH
V2.0: 6.8 MEDIUM"
CVE-2019-13758,"Insufficient policy enforcement in navigation in Google Chrome on Android prior to 79.0.3945.79 allowed a remote attacker to bypass navigation restrictions via a crafted HTML page.
Published: December 10, 2019; 5:15:15 pm -0500","V3.1: 4.3 MEDIUM
V2.0: 4.3 MEDIUM"
CVE-2019-13747,"Uninitialized data in rendering in Google Chrome on Android prior to 79.0.3945.79 allowed a remote attacker to potentially exploit heap corruption via a crafted HTML page.
Published: December 10, 2019; 5:15:14 pm -0500","V3.1: 8.8 HIGH
V2.0: 6.8 MEDIUM"
CVE-2019-5876,"Use after free in media in Google Chrome on Android prior to 77.0.3865.75 allowed a remote attacker to potentially exploit heap corruption via a crafted HTML page.
Published: November 25, 2019; 10:15:37 am -0500","V3.1: 8.8 HIGH
V2.0: 6.8 MEDIUM"
CVE-2019-13707,"Insufficient validation of untrusted input in intents in Google Chrome on Android prior to 78.0.3904.70 allowed a local attacker to leak files via a crafted application.
Published: November 25, 2019; 10:15:33 am -0500","V3.1: 5.5 MEDIUM
V2.0: 4.3 MEDIUM"
CVE-2019-13703,"Insufficient policy enforcement in the Omnibox in Google Chrome on Android prior to 78.0.3904.70 allowed a remote attacker to spoof the contents of the Omnibox (URL bar) via a crafted HTML page.
Published: November 25, 2019; 10:15:32 am -0500","V3.1: 4.3 MEDIUM
V2.0: 4.3 MEDIUM"
CVE-2019-13695,"Use after free in audio in Google Chrome on Android prior to 77.0.3865.120 allowed a remote attacker to potentially exploit heap corruption via a crafted HTML page.
Published: November 25, 2019; 10:15:32 am -0500","V3.1: 8.8 HIGH
V2.0: 6.8 MEDIUM"
CVE-2019-5833,"Incorrect dialog box scoping in browser in Google Chrome on Android prior to 75.0.3770.80 allowed a remote attacker to display misleading security UI via a crafted HTML page.
Published: June 27, 2019; 1:15:15 pm -0400","V3.1: 4.3 MEDIUM
V2.0: 4.3 MEDIUM"
CVE-2019-5816,"Process lifetime issue in Chrome in Google Chrome on Android prior to 74.0.3729.108 allowed a remote attacker to potentially persist an exploited process via a crafted HTML page.
Published: June 27, 2019; 1:15:14 pm -0400","V3.1: 8.8 HIGH
V2.0: 6.8 MEDIUM"
CVE-2019-5767,"Insufficient protection of permission UI in WebAPKs in Google Chrome on Android prior to 72.0.3626.81 allowed an attacker who convinced the user to install a malicious application to access privacy/security sensitive web APIs via a crafted APK.
Published: February 19, 2019; 12:29:01 pm -0500","V3.0: 6.5 MEDIUM
V2.0: 4.3 MEDIUM"
CVE-2019-5765,"An exposed debugging endpoint in the browser in Google Chrome on Android prior to 72.0.3626.81 allowed a local attacker to obtain potentially sensitive information from process memory via a crafted Intent.
Published: February 19, 2019; 12:29:00 pm -0500","V3.0: 5.5 MEDIUM
V2.0: 4.3 MEDIUM"
CVE-2019-5759,"Incorrect lifetime handling in HTML select elements in Google Chrome on Android and Mac prior to 72.0.3626.81 allowed a remote attacker to potentially perform a sandbox escape via a crafted HTML page.
Published: February 19, 2019; 12:29:00 pm -0500","V3.0: 9.6 CRITICAL
V2.0: 6.8 MEDIUM"
CVE-2018-18353,"Failure to dismiss http auth dialogs on navigation in Network Authentication in Google Chrome on Android prior to 71.0.3578.80 allowed a remote attacker to confuse the user about the origin of an auto dialog via a crafted HTML page.
Published: December 11, 2018; 11:29:01 am -0500","V3.0: 6.5 MEDIUM
V2.0: 4.3 MEDIUM"
CVE-2018-6057,"Lack of special casing of Android ashmem in Google Chrome prior to 65.0.3325.146 allowed a remote attacker who had compromised the renderer process to bypass inter-process read only guarantees via a crafted HTML page.
Published: November 14, 2018; 10:29:00 am -0500","V3.0: 8.8 HIGH
V2.0: 6.8 MEDIUM"
CVE-2017-5120,"Inappropriate use of www mismatch redirects in browser navigation in Google Chrome prior to 61.0.3163.79 for Mac, Windows, and Linux, and 61.0.3163.81 for Android, allowed a remote attacker to potentially downgrade HTTPS requests to HTTP via a crafted HTML page. In other words, Chrome could transmit cleartext even though the user had entered an https URL, because of a misdesigned workaround for cases where the domain name in a URL almost matches the domain name in an X.509 server certificate (but differs in the initial ""www."" substring).
Published: October 27, 2017; 1:29:02 am -0400","V3.1: 6.5 MEDIUM
V2.0: 4.3 MEDIUM"
CVE-2017-5119,"Use of an uninitialized value in Skia in Google Chrome prior to 61.0.3163.79 for Mac, Windows, and Linux, and 61.0.3163.81 for Android, allowed a remote attacker to obtain potentially sensitive information from process memory via a crafted HTML page.
Published: October 27, 2017; 1:29:02 am -0400","V3.0: 4.3 MEDIUM
V2.0: 4.3 MEDIUM"
CVE-2017-5118,"Blink in Google Chrome prior to 61.0.3163.79 for Mac, Windows, and Linux, and 61.0.3163.81 for Android, failed to correctly propagate CSP restrictions to javascript scheme pages, which allowed a remote attacker to bypass content security policy via a crafted HTML page.
Published: October 27, 2017; 1:29:02 am -0400","V3.1: 4.3 MEDIUM
V2.0: 4.3 MEDIUM"
CVE-2017-5116,"Type confusion in V8 in Google Chrome prior to 61.0.3163.79 for Mac, Windows, and Linux, and 61.0.3163.81 for Android, allowed a remote attacker to execute arbitrary code inside a sandbox via a crafted HTML page.
Published: October 27, 2017; 1:29:02 am -0400","V3.1: 8.8 HIGH
V2.0: 6.8 MEDIUM"
CVE-2017-5114,"Inappropriate use of partition alloc in PDFium in Google Chrome prior to 61.0.3163.79 for Linux, Windows, and Mac, and 61.0.3163.81 for Android, allowed a remote attacker to potentially exploit memory corruption via a crafted PDF file.
Published: October 27, 2017; 1:29:02 am -0400","V3.1: 8.8 HIGH
V2.0: 6.8 MEDIUM"
CVE-2017-5113,"Math overflow in Skia in Google Chrome prior to 61.0.3163.79 for Mac, Windows, and Linux, and 61.0.3163.81 for Android, allowed a remote attacker to potentially exploit heap corruption via a crafted HTML page.
Published: October 27, 2017; 1:29:02 am -0400","V3.1: 8.8 HIGH
V2.0: 6.8 MEDIUM"
CVE-2017-5110,"Inappropriate implementation of the web payments API on blob: and data: schemes in Web Payments in Google Chrome prior to 60.0.3112.78 for Mac, Windows, Linux, and Android allowed a remote attacker to spoof the contents of the Omnibox via a crafted HTML page.
Published: October 27, 2017; 1:29:02 am -0400","V3.1: 6.5 MEDIUM
V2.0: 4.3 MEDIUM"
CVE-2017-5108,"Type confusion in PDFium in Google Chrome prior to 60.0.3112.78 for Mac, Windows, Linux, and Android allowed a remote attacker to potentially maliciously modify objects via a crafted PDF file.
Published: October 27, 2017; 1:29:02 am -0400","V3.1: 8.8 HIGH
V2.0: 6.8 MEDIUM"
CVE-2017-5106,"Insufficient Policy Enforcement in Omnibox in Google Chrome prior to 60.0.3112.78 for Mac, Windows, Linux, and Android allowed a remote attacker to perform domain spoofing via IDN homographs in a crafted domain name.
Published: October 27, 2017; 1:29:02 am -0400","V3.1: 6.5 MEDIUM
V2.0: 4.3 MEDIUM"
CVE-2017-5105,"Insufficient Policy Enforcement in Omnibox in Google Chrome prior to 60.0.3112.78 for Mac, Windows, Linux, and Android allowed a remote attacker to perform domain spoofing via IDN homographs in a crafted domain name.
Published: October 27, 2017; 1:29:02 am -0400","V3.1: 6.5 MEDIUM
V2.0: 4.3 MEDIUM"
CVE-2017-5102,"Use of an uninitialized value in Skia in Google Chrome prior to 60.0.3112.78 for Mac, Windows, Linux, and Android allowed a remote attacker to obtain potentially sensitive information from process memory via a crafted HTML page.
Published: October 27, 2017; 1:29:01 am -0400","V3.1: 4.3 MEDIUM
V2.0: 4.3 MEDIUM"
CVE-2017-5098,"A use after free in V8 in Google Chrome prior to 60.0.3112.78 for Mac, Windows, Linux, and Android allowed a remote attacker to perform an out of bounds memory read via a crafted HTML page.
Published: October 27, 2017; 1:29:01 am -0400","V3.1: 8.8 HIGH
V2.0: 6.8 MEDIUM"
CVE-2017-5096,"Insufficient policy enforcement during navigation between different schemes in Google Chrome prior to 60.0.3112.78 for Android allowed a remote attacker to perform cross origin content download via a crafted HTML page, related to intents.
Published: October 27, 2017; 1:29:01 am -0400","V3.0: 4.3 MEDIUM
V2.0: 4.3 MEDIUM"
CVE-2017-5094,"Type confusion in extensions JavaScript bindings in Google Chrome prior to 60.0.3112.78 for Mac, Windows, Linux, and Android allowed a remote attacker to potentially maliciously modify objects via a crafted HTML page.
Published: October 27, 2017; 1:29:01 am -0400","V3.1: 6.5 MEDIUM
V2.0: 4.3 MEDIUM"
CVE-2017-5093,"Inappropriate implementation in modal dialog handling in Blink in Google Chrome prior to 60.0.3112.78 for Mac, Windows, Linux, and Android allowed a remote attacker to prevent a full screen warning from being displayed via a crafted HTML page.
Published: October 27, 2017; 1:29:01 am -0400","V3.1: 6.5 MEDIUM
V2.0: 4.3 MEDIUM"
CVE-2017-5091,"A use after free in IndexedDB in Google Chrome prior to 60.0.3112.78 for Linux, Android, Windows, and Mac allowed a remote attacker to perform an out of bounds memory read via a crafted HTML page.
Published: October 27, 2017; 1:29:01 am -0400","V3.1: 8.8 HIGH
V2.0: 6.8 MEDIUM"
CVE-2017-5088,"Insufficient validation of untrusted input in V8 in Google Chrome prior to 59.0.3071.104 for Mac, Windows, and Linux, and 59.0.3071.117 for Android, allowed a remote attacker to perform out of bounds memory access via a crafted HTML page.
Published: October 27, 2017; 1:29:01 am -0400","V3.1: 8.8 HIGH
V2.0: 6.8 MEDIUM"
CVE-2017-5087,"A use after free in Blink in Google Chrome prior to 59.0.3071.104 for Mac, Windows, and Linux, and 59.0.3071.117 for Android, allowed a remote attacker to perform an out of bounds memory read via a crafted HTML page, aka an IndexedDB sandbox escape.
Published: October 27, 2017; 1:29:01 am -0400","V3.1: 8.8 HIGH
V2.0: 6.8 MEDIUM"
CVE-2017-5083,"Inappropriate implementation in Blink in Google Chrome prior to 59.0.3071.86 for Mac, Windows, and Linux, and 59.0.3071.92 for Android, allowed a remote attacker to display UI on a non attacker controlled tab via a crafted HTML page.
Published: October 27, 2017; 1:29:01 am -0400","V3.1: 4.3 MEDIUM
V2.0: 4.3 MEDIUM"
CVE-2017-5082,"Failure to take advantage of available mitigations in credit card autofill in Google Chrome prior to 59.0.3071.92 for Android allowed a local attacker to take screen shots of credit card information via a crafted HTML page.
Published: October 27, 2017; 1:29:01 am -0400","V3.0: 5.5 MEDIUM
V2.0: 2.1 LOW"
CVE-2017-5081,"Lack of verification of an extension's locale folder in Google Chrome prior to 59.0.3071.86 for Mac, Windows, and Linux, and 59.0.3071.92 for Android, allowed an attacker with local write access to modify extensions by modifying extension files.
Published: October 27, 2017; 1:29:01 am -0400","V3.1: 3.3 LOW
V2.0: 2.1 LOW"
CVE-2017-5079,"Inappropriate implementation in Blink in Google Chrome prior to 59.0.3071.86 for Mac, Windows, and Linux, and 59.0.3071.92 for Android, allowed a remote attacker to display UI on a non attacker controlled tab via a crafted HTML page.
Published: October 27, 2017; 1:29:01 am -0400","V3.1: 4.3 MEDIUM
V2.0: 4.3 MEDIUM"
CVE-2017-5077,"Insufficient validation of untrusted input in Skia in Google Chrome prior to 59.0.3071.86 for Linux, Windows, and Mac, and 59.0.3071.92 for Android, allowed a remote attacker to perform an out of bounds memory read via a crafted HTML page.
Published: October 27, 2017; 1:29:01 am -0400","V3.1: 8.8 HIGH
V2.0: 6.8 MEDIUM"
CVE-2017-5076,"Insufficient Policy Enforcement in Omnibox in Google Chrome prior to 59.0.3071.86 for Mac, Windows, and Linux, and 59.0.3071.92 for Android, allowed a remote attacker to perform domain spoofing via IDN homographs in a crafted domain name.
Published: October 27, 2017; 1:29:01 am -0400","V3.1: 6.5 MEDIUM
V2.0: 4.3 MEDIUM"
CVE-2017-5075,"Inappropriate implementation in CSP reporting in Blink in Google Chrome prior to 59.0.3071.86 for Linux, Windows, and Mac, and 59.0.3071.92 for Android, allowed a remote attacker to obtain the value of url fragments via a crafted HTML page.
Published: October 27, 2017; 1:29:01 am -0400","V3.1: 4.3 MEDIUM
V2.0: 4.3 MEDIUM"
CVE-2017-5073,"Use after free in print preview in Blink in Google Chrome prior to 59.0.3071.86 for Linux, Windows, and Mac, and 59.0.3071.92 for Android, allowed a remote attacker to perform an out of bounds memory read via a crafted HTML page.
Published: October 27, 2017; 1:29:00 am -0400","V3.1: 8.8 HIGH
V2.0: 6.8 MEDIUM"
CVE-2017-5072,"Inappropriate implementation in Omnibox in Google Chrome prior to 59.0.3071.92 for Android allowed a remote attacker to perform domain spoofing with RTL characters via a crafted URL page.
Published: October 27, 2017; 1:29:00 am -0400","V3.0: 6.5 MEDIUM
V2.0: 4.3 MEDIUM"
CVE-2017-5071,"Insufficient validation of untrusted input in V8 in Google Chrome prior to 59.0.3071.86 for Linux, Windows and Mac, and 59.0.3071.92 for Android allowed a remote attacker to perform an out of bounds memory read via a crafted HTML page.
Published: October 27, 2017; 1:29:00 am -0400","V3.1: 6.3 MEDIUM
V2.0: 6.8 MEDIUM"
CVE-2017-5070,"Type confusion in V8 in Google Chrome prior to 59.0.3071.86 for Linux, Windows, and Mac, and 59.0.3071.92 for Android, allowed a remote attacker to execute arbitrary code inside a sandbox via a crafted HTML page.
Published: October 27, 2017; 1:29:00 am -0400","V3.1: 8.8 HIGH
V2.0: 6.8 MEDIUM"
CVE-2017-5069,"Incorrect MIME type of XSS-Protection reports in Blink in Google Chrome prior to 58.0.3029.81 for Linux, Windows, and Mac, and 58.0.3029.83 for Android, allowed a remote attacker to circumvent Cross-Origin Resource Sharing checks via a crafted HTML page.
Published: October 27, 2017; 1:29:00 am -0400","V3.1: 6.1 MEDIUM
V2.0: 4.3 MEDIUM"
CVE-2017-5066,"Insufficient consistency checks in signature handling in the networking stack in Google Chrome prior to 58.0.3029.81 for Mac, Windows, and Linux, and 58.0.3029.83 for Android, allowed a remote attacker to incorrectly accept a badly formed X.509 certificate via a crafted HTML page.
Published: October 27, 2017; 1:29:00 am -0400","V3.1: 6.5 MEDIUM
V2.0: 4.3 MEDIUM"
CVE-2017-5063,"A numeric overflow in Skia in Google Chrome prior to 58.0.3029.81 for Linux, Windows, and Mac, and 58.0.3029.83 for Android, allowed a remote attacker to perform an out of bounds memory read via a crafted HTML page.
Published: October 27, 2017; 1:29:00 am -0400","V3.1: 8.8 HIGH
V2.0: 6.8 MEDIUM"
CVE-2017-5062,"A use after free in Chrome Apps in Google Chrome prior to 58.0.3029.81 for Mac, Windows, and Linux, and 58.0.3029.83 for Android, allowed a remote attacker to potentially perform out of bounds memory access via a crafted Chrome extension.
Published: October 27, 2017; 1:29:00 am -0400","V3.1: 8.8 HIGH
V2.0: 6.8 MEDIUM"
CVE-2017-5060,"Insufficient Policy Enforcement in Omnibox in Google Chrome prior to 58.0.3029.81 for Mac, Windows, and Linux, and 58.0.3029.83 for Android, allowed a remote attacker to perform domain spoofing via IDN homographs in a crafted domain name.
Published: October 27, 2017; 1:29:00 am -0400","V3.1: 6.5 MEDIUM
V2.0: 4.3 MEDIUM"
CVE-2017-5059,"Type confusion in Blink in Google Chrome prior to 58.0.3029.81 for Linux, Windows, and Mac, and 58.0.3029.83 for Android, allowed a remote attacker to potentially obtain code execution via a crafted HTML page.
Published: October 27, 2017; 1:29:00 am -0400","V3.1: 8.8 HIGH
V2.0: 6.8 MEDIUM"
CVE-2017-5057,"Type confusion in PDFium in Google Chrome prior to 58.0.3029.81 for Mac, Windows, and Linux, and 58.0.3029.83 for Android, allowed a remote attacker to perform an out of bounds memory read via a crafted PDF file.
Published: October 27, 2017; 1:29:00 am -0400","V3.1: 8.8 HIGH
V2.0: 6.8 MEDIUM"
CVE-2017-5056,"A use after free in Blink in Google Chrome prior to 57.0.2987.133 for Linux, Windows, and Mac, and 57.0.2987.132 for Android, allowed a remote attacker to perform an out of bounds memory read via a crafted HTML page.
Published: October 27, 2017; 1:29:00 am -0400","V3.1: 8.8 HIGH
V2.0: 6.8 MEDIUM"
CVE-2017-5054,"An out-of-bounds read in V8 in Google Chrome prior to 57.0.2987.133 for Linux, Windows, and Mac, and 57.0.2987.132 for Android, allowed a remote attacker to obtain heap memory contents via a crafted HTML page.
Published: October 27, 2017; 1:29:00 am -0400","V3.1: 8.8 HIGH
V2.0: 6.8 MEDIUM"
CVE-2017-5053,"An out-of-bounds read in V8 in Google Chrome prior to 57.0.2987.133 for Linux, Windows, and Mac, and 57.0.2987.132 for Android, allowed a remote attacker to execute arbitrary code inside a sandbox via a crafted HTML page, related to Array.prototype.indexOf.
Published: October 27, 2017; 1:29:00 am -0400","V3.1: 9.6 CRITICAL
V2.0: 6.8 MEDIUM"
CVE-2017-5052,"An incorrect assumption about block structure in Blink in Google Chrome prior to 57.0.2987.133 for Mac, Windows, and Linux, and 57.0.2987.132 for Android, allowed a remote attacker to potentially exploit memory corruption via a crafted HTML page that triggers improper casting.
Published: October 27, 2017; 1:29:00 am -0400","V3.1: 8.8 HIGH
V2.0: 6.8 MEDIUM"
CVE-2017-5051,"An integer overflow in FFmpeg in Google Chrome prior to 57.0.2987.98 for Mac, Windows, and Linux and 57.0.2987.108 for Android allowed a remote attacker to perform an out of bounds memory write via a crafted video file, related to ChunkDemuxer.
Published: April 24, 2017; 11:59:00 pm -0400","V3.0: 8.8 HIGH
V2.0: 6.8 MEDIUM"
CVE-2017-5050,"An integer overflow in FFmpeg in Google Chrome prior to 57.0.2987.98 for Mac, Windows, and Linux and 57.0.2987.108 for Android allowed a remote attacker to perform an out of bounds memory write via a crafted video file, related to ChunkDemuxer.
Published: April 24, 2017; 11:59:00 pm -0400","V3.0: 8.8 HIGH
V2.0: 6.8 MEDIUM"
CVE-2017-5049,"An integer overflow in FFmpeg in Google Chrome prior to 57.0.2987.98 for Mac, Windows, and Linux and 57.0.2987.108 for Android allowed a remote attacker to perform an out of bounds memory write via a crafted video file, related to ChunkDemuxer.
Published: April 24, 2017; 11:59:00 pm -0400","V3.0: 8.8 HIGH
V2.0: 6.8 MEDIUM"
CVE-2017-5048,"An integer overflow in FFmpeg in Google Chrome prior to 57.0.2987.98 for Mac, Windows, and Linux and 57.0.2987.108 for Android allowed a remote attacker to perform an out of bounds memory write via a crafted video file, related to ChunkDemuxer.
Published: April 24, 2017; 11:59:00 pm -0400","V3.0: 8.8 HIGH
V2.0: 6.8 MEDIUM"
CVE-2017-5047,"An integer overflow in FFmpeg in Google Chrome prior to 57.0.2987.98 for Mac, Windows, and Linux and 57.0.2987.108 for Android allowed a remote attacker to perform an out of bounds memory write via a crafted video file, related to ChunkDemuxer.
Published: April 24, 2017; 11:59:00 pm -0400","V3.0: 8.8 HIGH
V2.0: 6.8 MEDIUM"
CVE-2017-5046,"V8 in Google Chrome prior to 57.0.2987.98 for Mac, Windows, and Linux and 57.0.2987.108 for Android had insufficient policy enforcement, which allowed a remote attacker to spoof the location object via a crafted HTML page, related to Blink information disclosure.
Published: April 24, 2017; 7:59:00 pm -0400","V3.1: 4.3 MEDIUM
V2.0: 4.3 MEDIUM"
CVE-2017-5045,"XSS Auditor in Google Chrome prior to 57.0.2987.98 for Mac, Windows, and Linux and 57.0.2987.108 for Android allowed detection of a blocked iframe load, which allowed a remote attacker to brute force JavaScript variables via a crafted HTML page.
Published: April 24, 2017; 7:59:00 pm -0400","V3.1: 6.1 MEDIUM
V2.0: 4.3 MEDIUM"
CVE-2017-5044,"Heap buffer overflow in filter processing in Skia in Google Chrome prior to 57.0.2987.98 for Mac, Windows, and Linux and 57.0.2987.108 for Android allowed a remote attacker to perform an out of bounds memory read via a crafted HTML page.
Published: April 24, 2017; 7:59:00 pm -0400","V3.1: 6.3 MEDIUM
V2.0: 6.8 MEDIUM"
CVE-2017-5042,"Cast in Google Chrome prior to 57.0.2987.98 for Mac, Windows, and Linux and 57.0.2987.108 for Android sent cookies to sites discovered via SSDP, which allowed an attacker on the local network segment to initiate connections to arbitrary URLs and observe any plaintext cookies sent.
Published: April 24, 2017; 7:59:00 pm -0400","V3.1: 5.7 MEDIUM
V2.0: 3.3 LOW"
CVE-2017-5040,"V8 in Google Chrome prior to 57.0.2987.98 for Mac, Windows, and Linux and 57.0.2987.108 for Android was missing a neutering check, which allowed a remote attacker to read values in memory via a crafted HTML page.
Published: April 24, 2017; 7:59:00 pm -0400","V3.1: 4.3 MEDIUM
V2.0: 4.3 MEDIUM"
CVE-2017-5039,"A use after free in PDFium in Google Chrome prior to 57.0.2987.98 for Mac, Windows, and Linux and 57.0.2987.108 for Android allowed a remote attacker to potentially exploit heap corruption via a crafted PDF file.
Published: April 24, 2017; 7:59:00 pm -0400","V3.1: 7.8 HIGH
V2.0: 6.8 MEDIUM"
CVE-2017-5037,"An integer overflow in FFmpeg in Google Chrome prior to 57.0.2987.98 for Mac, Windows, and Linux and 57.0.2987.108 for Android allowed a remote attacker to perform an out of bounds memory write via a crafted video file, related to ChunkDemuxer.
Published: April 24, 2017; 7:59:00 pm -0400","V3.1: 7.8 HIGH
V2.0: 6.8 MEDIUM"
CVE-2017-5036,"A use after free in PDFium in Google Chrome prior to 57.0.2987.98 for Mac, Windows, and Linux and 57.0.2987.108 for Android allowed a remote attacker to have an unspecified impact via a crafted PDF file.
Published: April 24, 2017; 7:59:00 pm -0400","V3.1: 7.8 HIGH
V2.0: 6.8 MEDIUM"
CVE-2017-5033,"Blink in Google Chrome prior to 57.0.2987.98 for Mac, Windows, and Linux and 57.0.2987.108 for Android failed to correctly propagate CSP restrictions to local scheme pages, which allowed a remote attacker to bypass content security policy via a crafted HTML page, related to the unsafe-inline keyword.
Published: April 24, 2017; 7:59:00 pm -0400","V3.1: 4.3 MEDIUM
V2.0: 4.3 MEDIUM"
CVE-2017-5030,"Incorrect handling of complex species in V8 in Google Chrome prior to 57.0.2987.98 for Linux, Windows, and Mac and 57.0.2987.108 for Android allowed a remote attacker to execute arbitrary code via a crafted HTML page.
Published: April 24, 2017; 7:59:00 pm -0400","V3.1: 8.8 HIGH
V2.0: 6.8 MEDIUM"
CVE-2017-5029,"The xsltAddTextString function in transform.c in libxslt 1.1.29, as used in Blink in Google Chrome prior to 57.0.2987.98 for Mac, Windows, and Linux and 57.0.2987.108 for Android, lacked a check for integer overflow during a size calculation, which allowed a remote attacker to perform an out of bounds memory write via a crafted HTML page.
Published: April 24, 2017; 7:59:00 pm -0400","V3.1: 8.8 HIGH
V2.0: 6.8 MEDIUM"
CVE-2017-5027,"Blink in Google Chrome prior to 56.0.2924.76 for Linux, Windows and Mac, and 56.0.2924.87 for Android, failed to properly enforce unsafe-inline content security policy, which allowed a remote attacker to bypass content security policy via a crafted HTML page.
Published: February 17, 2017; 2:59:00 am -0500","V3.0: 4.3 MEDIUM
V2.0: 4.3 MEDIUM"
CVE-2017-5023,"Type confusion in Histogram in Google Chrome prior to 56.0.2924.76 for Linux, Windows and Mac, and 56.0.2924.87 for Android, allowed a remote attacker to potentially exploit a near null dereference via a crafted HTML page.
Published: February 17, 2017; 2:59:00 am -0500","V3.0: 4.3 MEDIUM
V2.0: 4.3 MEDIUM"
CVE-2017-5022,"Blink in Google Chrome prior to 56.0.2924.76 for Linux, Windows and Mac, and 56.0.2924.87 for Android, failed to properly enforce unsafe-inline content security policy, which allowed a remote attacker to bypass content security policy via a crafted HTML page.
Published: February 17, 2017; 2:59:00 am -0500","V3.0: 4.3 MEDIUM
V2.0: 4.3 MEDIUM"
CVE-2017-5021,"A use after free in Google Chrome prior to 56.0.2924.76 for Linux, Windows and Mac, and 56.0.2924.87 for Android, allowed a remote attacker to perform an out of bounds memory read via a crafted HTML page.
Published: February 17, 2017; 2:59:00 am -0500","V3.0: 4.3 MEDIUM
V2.0: 4.3 MEDIUM"
CVE-2017-5020,"Google Chrome prior to 56.0.2924.76 for Linux, Windows and Mac, and 56.0.2924.87 for Android, failed to require a user gesture for powerful download operations, which allowed a remote attacker who convinced a user to install a malicious extension to execute arbitrary code via a crafted HTML page.
Published: February 17, 2017; 2:59:00 am -0500","V3.0: 6.1 MEDIUM
V2.0: 4.3 MEDIUM"
CVE-2017-5019,"A use after free in Google Chrome prior to 56.0.2924.76 for Linux, Windows and Mac, and 56.0.2924.87 for Android, allowed a remote attacker to potentially exploit heap corruption via a crafted HTML page.
Published: February 17, 2017; 2:59:00 am -0500","V3.0: 6.3 MEDIUM
V2.0: 6.8 MEDIUM"
CVE-2017-5018,"Google Chrome prior to 56.0.2924.76 for Linux, Windows and Mac, and 56.0.2924.87 for Android, had an insufficiently strict content security policy on the Chrome app launcher page, which allowed a remote attacker to inject scripts or HTML into a privileged page via a crafted HTML page.
Published: February 17, 2017; 2:59:00 am -0500","V3.0: 6.1 MEDIUM
V2.0: 4.3 MEDIUM"
CVE-2017-5016,"Blink in Google Chrome prior to 56.0.2924.76 for Linux, Windows and Mac, and 56.0.2924.87 for Android, failed to prevent certain UI elements from being displayed by non-visible pages, which allowed a remote attacker to show certain UI elements on a page they don't control via a crafted HTML page.
Published: February 17, 2017; 2:59:00 am -0500","V3.0: 6.5 MEDIUM
V2.0: 4.3 MEDIUM"
CVE-2017-5015,"Google Chrome prior to 56.0.2924.76 for Linux, Windows and Mac, and 56.0.2924.87 for Android, incorrectly handled Unicode glyphs, which allowed a remote attacker to perform domain spoofing via IDN homographs in a crafted domain name.
Published: February 17, 2017; 2:59:00 am -0500","V3.0: 6.5 MEDIUM
V2.0: 4.3 MEDIUM"
CVE-2017-5014,"Heap buffer overflow during image processing in Skia in Google Chrome prior to 56.0.2924.76 for Linux, Windows and Mac, and 56.0.2924.87 for Android, allowed a remote attacker to perform an out of bounds memory read via a crafted HTML page.
Published: February 17, 2017; 2:59:00 am -0500","V3.0: 6.3 MEDIUM
V2.0: 6.8 MEDIUM"
CVE-2017-5012,"A heap buffer overflow in V8 in Google Chrome prior to 56.0.2924.76 for Linux, Windows and Mac, and 56.0.2924.87 for Android, allowed a remote attacker to potentially exploit heap corruption via a crafted HTML page.
Published: February 17, 2017; 2:59:00 am -0500","V3.0: 8.8 HIGH
V2.0: 6.8 MEDIUM"
CVE-2017-5010,"Blink in Google Chrome prior to 56.0.2924.76 for Linux, Windows and Mac, and 56.0.2924.87 for Android, resolved promises in an inappropriate context, which allowed a remote attacker to inject arbitrary scripts or HTML (UXSS) via a crafted HTML page.
Published: February 17, 2017; 2:59:00 am -0500","V3.0: 6.1 MEDIUM
V2.0: 4.3 MEDIUM"
CVE-2017-5009,"WebRTC in Google Chrome prior to 56.0.2924.76 for Linux, Windows and Mac, and 56.0.2924.87 for Android, failed to perform proper bounds checking, which allowed a remote attacker to potentially exploit heap corruption via a crafted HTML page.
Published: February 17, 2017; 2:59:00 am -0500","V3.0: 8.8 HIGH
V2.0: 6.8 MEDIUM"
CVE-2017-5008,"Blink in Google Chrome prior to 56.0.2924.76 for Linux, Windows and Mac, and 56.0.2924.87 for Android, allowed attacker controlled JavaScript to be run during the invocation of a private script method, which allowed a remote attacker to inject arbitrary scripts or HTML (UXSS) via a crafted HTML page.
Published: February 17, 2017; 2:59:00 am -0500","V3.0: 6.1 MEDIUM
V2.0: 4.3 MEDIUM"
CVE-2017-5007,"Blink in Google Chrome prior to 56.0.2924.76 for Linux, Windows and Mac, and 56.0.2924.87 for Android, incorrectly handled the sequence of events when closing a page, which allowed a remote attacker to inject arbitrary scripts or HTML (UXSS) via a crafted HTML page.
Published: February 17, 2017; 2:59:00 am -0500","V3.0: 6.1 MEDIUM
V2.0: 4.3 MEDIUM"
CVE-2017-5006,"Blink in Google Chrome prior to 56.0.2924.76 for Linux, Windows and Mac, and 56.0.2924.87 for Android, incorrectly handled object owner relationships, which allowed a remote attacker to inject arbitrary scripts or HTML (UXSS) via a crafted HTML page.
Published: February 17, 2017; 2:59:00 am -0500","V3.0: 6.1 MEDIUM
V2.0: 4.3 MEDIUM"
CVE-2016-9650,"Blink in Google Chrome prior to 55.0.2883.75 for Mac, Windows and Linux, and 55.0.2883.84 for Android incorrectly handled iframes, which allowed a remote attacker to bypass a no-referrer policy via a crafted HTML page.
Published: January 19, 2017; 12:59:01 am -0500","V3.0: 4.3 MEDIUM
V2.0: 4.3 MEDIUM"
CVE-2016-5225,"Blink in Google Chrome prior to 55.0.2883.75 for Mac, Windows and Linux, and 55.0.2883.84 for Android incorrectly handled form actions, which allowed a remote attacker to bypass Content Security Policy via a crafted HTML page.
Published: January 19, 2017; 12:59:01 am -0500","V3.0: 4.3 MEDIUM
V2.0: 4.3 MEDIUM"
CVE-2016-5224,"A timing attack on denormalized floating point arithmetic in SVG filters in Blink in Google Chrome prior to 55.0.2883.75 for Mac, Windows and Linux, and 55.0.2883.84 for Android allowed a remote attacker to bypass the Same Origin Policy via a crafted HTML page.
Published: January 19, 2017; 12:59:01 am -0500","V3.0: 4.3 MEDIUM
V2.0: 4.3 MEDIUM"
CVE-2016-5223,"Integer overflow in PDFium in Google Chrome prior to 55.0.2883.75 for Mac, Windows and Linux, and 55.0.2883.84 for Android allowed a remote attacker to potentially exploit heap corruption or DoS via a crafted PDF file.
Published: January 19, 2017; 12:59:01 am -0500","V3.0: 6.5 MEDIUM
V2.0: 4.3 MEDIUM"
CVE-2016-5222,"Incorrect handling of invalid URLs in Google Chrome prior to 55.0.2883.75 for Mac, Windows and Linux, and 55.0.2883.84 for Android allowed a remote attacker to spoof the contents of the Omnibox (URL bar) via a crafted HTML page.
Published: January 19, 2017; 12:59:00 am -0500","V3.0: 6.5 MEDIUM
V2.0: 4.3 MEDIUM"
CVE-2016-5221,"Type confusion in libGLESv2 in ANGLE in Google Chrome prior to 55.0.2883.75 for Mac, Windows and Linux, and 55.0.2883.84 for Android possibly allowed a remote attacker to bypass buffer validation via a crafted HTML page.
Published: January 19, 2017; 12:59:00 am -0500","V3.0: 6.3 MEDIUM
V2.0: 6.8 MEDIUM"
CVE-2016-5220,"PDFium in Google Chrome prior to 55.0.2883.75 for Mac, Windows and Linux, and 55.0.2883.84 for Android incorrectly handled navigation within PDFs, which allowed a remote attacker to read local files via a crafted PDF file.
Published: January 19, 2017; 12:59:00 am -0500","V3.0: 6.5 MEDIUM
V2.0: 4.3 MEDIUM"
CVE-2016-5219,"A heap use after free in V8 in Google Chrome prior to 55.0.2883.75 for Mac, Windows and Linux, and 55.0.2883.84 for Android allowed a remote attacker to potentially exploit heap corruption via a crafted HTML page.
Published: January 19, 2017; 12:59:00 am -0500","V3.0: 6.3 MEDIUM
V2.0: 6.8 MEDIUM"
CVE-2016-5218,"The extensions API in Google Chrome prior to 55.0.2883.75 for Mac, Windows and Linux, and 55.0.2883.84 for Android incorrectly handled navigation within PDFs, which allowed a remote attacker to temporarily spoof the contents of the Omnibox (URL bar) via a crafted HTML page containing PDF data.
Published: January 19, 2017; 12:59:00 am -0500","V3.0: 6.5 MEDIUM
V2.0: 4.3 MEDIUM"
CVE-2016-5217,"The extensions API in Google Chrome prior to 55.0.2883.75 for Mac, Windows and Linux, and 55.0.2883.84 for Android incorrectly permitted access to privileged plugins, which allowed a remote attacker to bypass site isolation via a crafted HTML page.
Published: January 19, 2017; 12:59:00 am -0500","V3.0: 6.5 MEDIUM
V2.0: 4.3 MEDIUM"
CVE-2016-5216,"A use after free in PDFium in Google Chrome prior to 55.0.2883.75 for Mac, Windows and Linux, and 55.0.2883.84 for Android allowed a remote attacker to perform an out of bounds memory read via a crafted PDF file.
Published: January 19, 2017; 12:59:00 am -0500","V3.0: 6.3 MEDIUM
V2.0: 6.8 MEDIUM"
CVE-2016-5215,"A use after free in webaudio in Google Chrome prior to 55.0.2883.75 for Mac, Windows and Linux, and 55.0.2883.84 for Android allowed a remote attacker to perform an out of bounds memory read via a crafted HTML page.
Published: January 19, 2017; 12:59:00 am -0500","V3.0: 6.3 MEDIUM
V2.0: 6.8 MEDIUM"
CVE-2016-5213,"A use after free in V8 in Google Chrome prior to 55.0.2883.75 for Mac, Windows and Linux, and 55.0.2883.84 for Android allowed a remote attacker to potentially exploit heap corruption via a crafted HTML page.
Published: January 19, 2017; 12:59:00 am -0500","V3.0: 8.8 HIGH
V2.0: 6.8 MEDIUM"
CVE-2016-5212,"Google Chrome prior to 55.0.2883.75 for Mac, Windows and Linux, and 55.0.2883.84 for Android insufficiently sanitized DevTools URLs, which allowed a remote attacker to read local files via a crafted HTML page.
Published: January 19, 2017; 12:59:00 am -0500","V3.0: 6.5 MEDIUM
V2.0: 4.3 MEDIUM"
CVE-2016-5211,"A use after free in PDFium in Google Chrome prior to 55.0.2883.75 for Mac, Windows and Linux, and 55.0.2883.84 for Android allowed a remote attacker to potentially exploit heap corruption via a crafted PDF file.
Published: January 19, 2017; 12:59:00 am -0500","V3.0: 8.8 HIGH
V2.0: 6.8 MEDIUM"
CVE-2016-5210,"Heap buffer overflow during TIFF image parsing in PDFium in Google Chrome prior to 55.0.2883.75 for Mac, Windows and Linux, and 55.0.2883.84 for Android allowed a remote attacker to potentially exploit heap corruption via a crafted PDF file.
Published: January 19, 2017; 12:59:00 am -0500","V3.0: 8.8 HIGH
V2.0: 6.8 MEDIUM"
CVE-2016-5209,"Bad casting in bitmap manipulation in Blink in Google Chrome prior to 55.0.2883.75 for Mac, Windows and Linux, and 55.0.2883.84 for Android allowed a remote attacker to potentially exploit heap corruption via a crafted HTML page.
Published: January 19, 2017; 12:59:00 am -0500","V3.0: 8.8 HIGH
V2.0: 6.8 MEDIUM"
CVE-2016-5208,"Blink in Google Chrome prior to 55.0.2883.75 for Linux and Windows, and 55.0.2883.84 for Android allowed possible corruption of the DOM tree during synchronous event handling, which allowed a remote attacker to inject arbitrary scripts or HTML (UXSS) via a crafted HTML page.
Published: January 19, 2017; 12:59:00 am -0500","V3.0: 6.1 MEDIUM
V2.0: 4.3 MEDIUM"
CVE-2016-5207,"In Blink in Google Chrome prior to 55.0.2883.75 for Mac, Windows and Linux, and 55.0.2883.84 for Android, corruption of the DOM tree could occur during the removal of a full screen element, which allowed a remote attacker to achieve arbitrary code execution via a crafted HTML page.
Published: January 19, 2017; 12:59:00 am -0500","V3.0: 6.1 MEDIUM
V2.0: 4.3 MEDIUM"
CVE-2016-5206,"The PDF plugin in Google Chrome prior to 55.0.2883.75 for Mac, Windows and Linux, and 55.0.2883.84 for Android incorrectly followed redirects, which allowed a remote attacker to bypass the Same Origin Policy via a crafted HTML page.
Published: January 19, 2017; 12:59:00 am -0500","V3.0: 8.8 HIGH
V2.0: 6.8 MEDIUM"
CVE-2016-5204,"Leaking of an SVG shadow tree leading to corruption of the DOM tree in Blink in Google Chrome prior to 55.0.2883.75 for Mac, Windows and Linux, and 55.0.2883.84 for Android allowed a remote attacker to inject arbitrary scripts or HTML (UXSS) via a crafted HTML page.
Published: January 19, 2017; 12:59:00 am -0500","V3.0: 6.1 MEDIUM
V2.0: 4.3 MEDIUM"
CVE-2016-5203,"A use after free in PDFium in Google Chrome prior to 55.0.2883.75 for Mac, Windows and Linux, and 55.0.2883.84 for Android allowed a remote attacker to potentially exploit heap corruption via a crafted PDF file.
Published: January 19, 2017; 12:59:00 am -0500","V3.0: 8.8 HIGH
V2.0: 6.8 MEDIUM"
CVE-2016-5200,"V8 in Google Chrome prior to 54.0.2840.98 for Mac, and 54.0.2840.99 for Windows, and 54.0.2840.100 for Linux, and 55.0.2883.84 for Android incorrectly applied type rules, which allowed a remote attacker to potentially exploit heap corruption via a crafted HTML page.
Published: January 19, 2017; 12:59:00 am -0500","V3.0: 8.8 HIGH
V2.0: 6.8 MEDIUM"
CVE-2016-5199,"An off by one error resulting in an allocation of zero size in FFmpeg in Google Chrome prior to 54.0.2840.98 for Mac, and 54.0.2840.99 for Windows, and 54.0.2840.100 for Linux, and 55.0.2883.84 for Android allowed a remote attacker to potentially exploit heap corruption via a crafted video file.
Published: January 19, 2017; 12:59:00 am -0500","V3.0: 8.8 HIGH
V2.0: 6.8 MEDIUM"
CVE-2016-5198,"V8 in Google Chrome prior to 54.0.2840.90 for Linux, and 54.0.2840.85 for Android, and 54.0.2840.87 for Windows and Mac included incorrect optimisation assumptions, which allowed a remote attacker to perform arbitrary read/write operations, leading to code execution, via a crafted HTML page.
Published: January 19, 2017; 12:59:00 am -0500","V3.0: 8.8 HIGH
V2.0: 6.8 MEDIUM"
CVE-2016-5197,"The content view client in Google Chrome prior to 54.0.2840.85 for Android insufficiently validated intent URLs, which allowed a remote attacker who had compromised the renderer process to start arbitrary activity on the system via a crafted HTML page.
Published: January 19, 2017; 12:59:00 am -0500","V3.0: 8.8 HIGH
V2.0: 6.8 MEDIUM"
CVE-2016-5196,"The content renderer client in Google Chrome prior to 54.0.2840.85 for Android insufficiently enforced the Same Origin Policy amongst downloaded files, which allowed a remote attacker to access any downloaded file and interact with sites, including those the user was logged into, via a crafted HTML page.
Published: January 19, 2017; 12:59:00 am -0500","V3.0: 8.8 HIGH
V2.0: 6.8 MEDIUM"
CVE-2016-5191,"Bookmark handling in Google Chrome prior to 54.0.2840.59 for Windows, Mac, and Linux; 54.0.2840.85 for Android had insufficient validation of supplied data, which allowed a remote attacker to inject arbitrary scripts or HTML (UXSS) via crafted HTML pages, as demonstrated by an interpretation conflict between userinfo and scheme in an http://javascript:payload@example.com URL.
Published: December 17, 2016; 10:59:00 pm -0500","V3.0: 6.1 MEDIUM
V2.0: 4.3 MEDIUM"
CVE-2016-5190,"Google Chrome prior to 54.0.2840.59 for Windows, Mac, and Linux; 54.0.2840.85 for Android incorrectly handled object lifecycles during shutdown, which allowed a remote attacker to perform an out of bounds memory read via crafted HTML pages.
Published: December 17, 2016; 10:59:00 pm -0500","V3.0: 6.3 MEDIUM
V2.0: 6.8 MEDIUM"
CVE-2016-5189,"Google Chrome prior to 54.0.2840.59 for Windows, Mac, and Linux; 54.0.2840.85 for Android permitted navigation to blob URLs with non-canonical origins, which allowed a remote attacker to spoof the contents of the Omnibox (URL bar) via crafted HTML pages.
Published: December 17, 2016; 10:59:00 pm -0500","V3.0: 6.5 MEDIUM
V2.0: 4.3 MEDIUM"
CVE-2016-5187,"Google Chrome prior to 54.0.2840.85 for Android incorrectly handled rapid transition into and out of full screen mode, which allowed a remote attacker to spoof the contents of the Omnibox (URL bar) via crafted HTML pages.
Published: December 17, 2016; 10:59:00 pm -0500","V3.0: 6.5 MEDIUM
V2.0: 4.3 MEDIUM"
CVE-2016-5186,"Devtools in Google Chrome prior to 54.0.2840.59 for Windows, Mac, and Linux; 54.0.2840.85 for Android incorrectly handled objects after a tab crash, which allowed a remote attacker to perform an out of bounds memory read via crafted PDF files.
Published: December 17, 2016; 10:59:00 pm -0500","V3.0: 5.3 MEDIUM
V2.0: 6.8 MEDIUM"
CVE-2016-5185,"Blink in Google Chrome prior to 54.0.2840.59 for Windows, Mac, and Linux; 54.0.2840.85 for Android incorrectly allowed reentrance of FrameView::updateLifecyclePhasesInternal(), which allowed a remote attacker to perform an out of bounds memory read via crafted HTML pages.
Published: December 17, 2016; 10:59:00 pm -0500","V3.0: 8.8 HIGH
V2.0: 6.8 MEDIUM"
CVE-2016-5184,"PDFium in Google Chrome prior to 54.0.2840.59 for Windows, Mac, and Linux; 54.0.2840.85 for Android incorrectly handled object lifecycles in CFFL_FormFillter::KillFocusForAnnot, which allowed a remote attacker to potentially exploit heap corruption via crafted PDF files.
Published: December 17, 2016; 10:59:00 pm -0500","V3.0: 8.8 HIGH
V2.0: 6.8 MEDIUM"
CVE-2016-5183,"A heap use after free in PDFium in Google Chrome prior to 54.0.2840.59 for Windows, Mac, and Linux; 54.0.2840.85 for Android allows a remote attacker to potentially exploit heap corruption via crafted PDF files.
Published: December 17, 2016; 10:59:00 pm -0500","V3.0: 8.8 HIGH
V2.0: 6.8 MEDIUM"
CVE-2016-5182,"Blink in Google Chrome prior to 54.0.2840.59 for Windows, Mac, and Linux; 54.0.2840.85 for Android had insufficient validation in bitmap handling, which allowed a remote attacker to potentially exploit heap corruption via crafted HTML pages.
Published: December 17, 2016; 10:59:00 pm -0500","V3.0: 8.8 HIGH
V2.0: 6.8 MEDIUM"
CVE-2016-5181,"Blink in Google Chrome prior to 54.0.2840.59 for Windows, Mac, and Linux; 54.0.2840.85 for Android permitted execution of v8 microtasks while the DOM was in an inconsistent state, which allowed a remote attacker to inject arbitrary scripts or HTML (UXSS) via crafted HTML pages.
Published: December 17, 2016; 10:59:00 pm -0500","V3.0: 6.1 MEDIUM
V2.0: 4.3 MEDIUM"
CVE-2016-5163,"The bidirectional-text implementation in Google Chrome before 53.0.2785.89 on Windows and OS X and before 53.0.2785.92 on Linux does not ensure left-to-right (LTR) rendering of URLs, which allows remote attackers to spoof the address bar via crafted right-to-left (RTL) Unicode text, related to omnibox/SuggestionView.java and omnibox/UrlBar.java in Chrome for Android.
Published: September 11, 2016; 6:59:19 am -0400","V3.0: 4.3 MEDIUM
V2.0: 4.3 MEDIUM"
CVE-2016-5131,"Use-after-free vulnerability in libxml2 through 2.9.4, as used in Google Chrome before 52.0.2743.82, allows remote attackers to cause a denial of service or possibly have unspecified other impact via vectors related to the XPointer range-to function.
Published: July 23, 2016; 3:59:13 pm -0400","V3.0: 8.8 HIGH
V2.0: 6.8 MEDIUM"
CVE-2016-5129,"Google V8 before 5.2.361.32, as used in Google Chrome before 52.0.2743.82, does not properly process left-trimmed objects, which allows remote attackers to cause a denial of service (memory corruption) or possibly have unspecified other impact via crafted JavaScript code.
Published: July 23, 2016; 3:59:11 pm -0400","V3.0: 8.8 HIGH
V2.0: 6.8 MEDIUM"
CVE-2016-1671,"Google Chrome before 50.0.2661.102 on Android mishandles / (slash) and \ (backslash) characters, which allows attackers to conduct directory traversal attacks via a file: URL, related to net/base/escape.cc and net/base/filename_util.cc.
Published: May 14, 2016; 5:59:11 pm -0400","V3.0: 8.1 HIGH
V2.0: 6.8 MEDIUM"
CVE-2016-1656,"The download implementation in Google Chrome before 50.0.2661.75 on Android allows remote attackers to bypass intended pathname restrictions via unspecified vectors.
Published: April 18, 2016; 6:59:05 am -0400","V3.0: 7.5 HIGH
V2.0: 5.0 MEDIUM"